{"custom_accuracy": [0.8411067128181458, 0.879391074180603, 0.895093560218811, 0.9156299233436584, 0.932927668094635, 0.9427072405815125, 0.9498196244239807, 0.9575493335723877, 0.9619600772857666], "loss": [0.5447465181350708, 0.4113924503326416, 0.322529137134552, 0.2570454478263855, 0.21201500296592712, 0.18580280244350433, 0.16775059700012207, 0.14969928562641144, 0.13739536702632904], "precision": [0.1289387196302414, 0.654049277305603, 0.7069070935249329, 0.7599241733551025, 0.805850625038147, 0.8363358974456787, 0.8555101156234741, 0.8774945735931396, 0.8914283514022827], "recall": [0.021775325760245323, 0.04851294308900833, 0.26362180709838867, 0.4712219536304474, 0.6043550372123718, 0.6804870963096619, 0.7306650280952454, 0.7765988707542419, 0.8060135245323181], "val_custom_accuracy": [0.15501709282398224, 0.44159677624702454, 0.7690277099609375, 0.8900280594825745, 0.8988816738128662, 0.9130164980888367, 0.9204721450805664, 0.9352282881736755, 0.9297918677330017], "val_loss": [0.7346875667572021, 0.5792185664176941, 0.37474218010902405, 0.276754766702652, 0.2505512535572052, 0.2110961675643921, 0.1938888132572174, 0.1813409924507141, 0.18344859778881073], "val_precision": [0.1166207566857338, 0.15175537765026093, 0.6196808218955994, 0.7149999737739563, 0.7469387650489807, 0.7633333206176758, 0.7973421812057495, 0.8219895362854004, 0.8058925271034241], "val_recall": [0.19184289872646332, 0.20241691172122955, 0.35196375846862793, 0.43202418088912964, 0.5528700947761536, 0.6918429136276245, 0.7250755429267883, 0.7114803791046143, 0.7024168968200684]}