{"custom_accuracy": [0.7648398280143738, 0.8592175245285034, 0.8619522452354431, 0.8592510223388672, 0.8610116243362427, 0.8701492547988892, 0.8795995116233826, 0.8908939361572266, 0.9010129570960999, 0.9078359603881836, 0.9147430658340454, 0.9203869700431824, 0.9239412546157837, 0.9273309707641602, 0.931664764881134, 0.9349839091300964, 0.9373961687088013, 0.9398785829544067, 0.9422572255134583, 0.9460498094558716, 0.9482201933860779], "loss": [0.48892703652381897, 0.3904227912425995, 0.369850218296051, 0.34588778018951416, 0.31827789545059204, 0.2919265627861023, 0.2701309323310852, 0.24884992837905884, 0.23066455125808716, 0.21749448776245117, 0.2036788910627365, 0.19326940178871155, 0.18602383136749268, 0.17877420783042908, 0.17132623493671417, 0.16539809107780457, 0.16017331182956696, 0.15614774823188782, 0.15122780203819275, 0.14403311908245087, 0.14057214558124542], "precision": [0.12267099320888519, 0.24802111089229584, 0.3501805067062378, 0.4297153055667877, 0.5034156441688538, 0.5732928514480591, 0.6283853650093079, 0.6631815433502197, 0.6953433156013489, 0.7182466983795166, 0.7400245666503906, 0.7564178109169006, 0.7689873576164246, 0.7781795263290405, 0.79170823097229, 0.803203284740448, 0.8107619285583496, 0.8159288763999939, 0.8252354860305786, 0.8376832604408264, 0.8465523719787598], "recall": [0.06663184612989426, 0.0030687865801155567, 0.006333453115075827, 0.03153667971491814, 0.09382651746273041, 0.16636741161346436, 0.25830042362213135, 0.3375338613986969, 0.40899741649627686, 0.4600568115711212, 0.5110182762145996, 0.5454278588294983, 0.5711860656738281, 0.5972707271575928, 0.6215598583221436, 0.6385034918785095, 0.6586464643478394, 0.6739251017570496, 0.6892364025115967, 0.7125134468078613, 0.7254741787910461], "val_custom_accuracy": [0.10282696038484573, 0.34249767661094666, 0.5169306993484497, 0.590400755405426, 0.7393600344657898, 0.8235476016998291, 0.8715439438819885, 0.8876981139183044, 0.9005902409553528, 0.9179869890213013, 0.9288598299026489, 0.9290152192115784, 0.9327430129051208, 0.9397328495979309, 0.9355390071868896, 0.9437713623046875, 0.9479652643203735, 0.9549549221992493, 0.9512270092964172, 0.954023003578186, 0.9367815852165222], "val_loss": [0.6039232015609741, 0.5046714544296265, 0.46031326055526733, 0.4194486439228058, 0.3597310483455658, 0.30296826362609863, 0.261143296957016, 0.248827263712883, 0.2268730252981186, 0.20221613347530365, 0.18699780106544495, 0.1840846985578537, 0.17473486065864563, 0.17258933186531067, 0.1642182171344757, 0.1553681492805481, 0.1530448943376541, 0.15259288251399994, 0.14521420001983643, 0.14099735021591187, 0.1492803990840912], "val_precision": [0.3362831771373749, 0.0, 0.3799999952316284, 0.75, 0.6292135119438171, 0.675000011920929, 0.7068965435028076, 0.6761904954910278, 0.7323076725006104, 0.7772276997566223, 0.8325358629226685, 0.8048245906829834, 0.8294736742973328, 0.8317757248878479, 0.8099808096885681, 0.8305708765983582, 0.8483606576919556, 0.8780487775802612, 0.8708415031433105, 0.8806262016296387, 0.8113821148872375], "val_recall": [0.05740181356668472, 0.0, 0.02870090678334236, 0.00453172205016017, 0.08459214866161346, 0.16314199566841125, 0.3096676766872406, 0.32175227999687195, 0.35951662063598633, 0.4743202328681946, 0.5256797671318054, 0.5543806552886963, 0.5951661467552185, 0.5377643704414368, 0.6374622583389282, 0.6812688708305359, 0.6253776550292969, 0.5981873273849487, 0.6722054481506348, 0.6797583103179932, 0.7537764310836792]}